frame,time_s,local_scale,cumulative_zoom_raw,cumulative_zoom_display,anchor_scale,zoom_velocity_log,zoom_velocity,zoom_jerk,correlation
0,0.0,1.0,0.0,0.0,1.0,0.0,0.0,0.0,1.0
1,0.016666666666666666,1.0009500777100457,0.0009496266718764424,0.0009496266718764424,1.0009500777100457,0.0009496266718764424,0.000950077710045738,0.0009496266718764424,0.6841019439697266
2,0.03333333333333333,0.9996680833988129,0.0006176549741822597,0.0006176549741822597,1.000327155931712,-0.0003319716976941826,-0.0003319166011871433,0.001281598369570625,0.7777257758011052
3,0.05,0.9992547956826577,-0.00012782714591908027,-0.00012782714591908027,0.9997789599014668,-0.00074548212010134,-0.0007452043173422629,0.0004135104224071574,0.7383493191518902
4,0.06666666666666667,0.9997341288012781,-0.00039373369465397514,-0.00039373369465397514,0.9992155010935034,-0.00026590654873489487,-0.0002658711987219009,0.00047957557136644514,0.6825406535466512
5,0.08333333333333333,0.9996379114431836,-0.0007558878213604217,-0.0007558878213604217,0.999383797899442,-0.00036215412670644655,-0.00036208855681640895,9.624757797155168e-05,0.7443950915925297
6,0.1,1.0006352307331918,-0.00012085876180911346,-0.00012085876180911346,0.99951652864906,0.0006350290595513083,0.0006352307331918272,0.0009971831862577549,0.6408549233424811
7,0.11666666666666667,1.0008082776453218,0.0006870924030494163,0.0006870924030494163,0.9995259926155385,0.0008079511648585297,0.0008082776453217644,0.00017292210530722143,0.6257448347851082
8,0.13333333333333333,1.0007751588824365,0.0014619510050061179,0.0014619510050061179,0.9999013285222002,0.0007748586019567017,0.0007751588824365108,3.309256290182799e-05,0.6018871278821686
9,0.15,1.0007991875817455,0.0022608194064015013,0.0022608194064015013,1.000227716177321,0.0007988684013953833,0.0007991875817454641,2.400979943868156e-05,0.5872356673817576
10,0.16666666666666666,1.0006797753623395,0.002940363826122895,0.002940363826122895,1.0004671619436103,0.0006795444197213936,0.0006797753623395408,0.00011932398167398967,0.5837233406820415
11,0.18333333333333332,1.0007391575388647,0.0036792483225932086,0.0036792483225932086,1.0003222669814742,0.0007388844964703136,0.0007391575388646654,5.934007674892e-05,0.566361599203981
12,0.2,0.999597904942849,0.0032770724035478247,0.0032770724035478247,1.0006196039461548,-0.000402175919045384,-0.00040209505715105287,0.0011410604155156975,0.528385440920606
13,0.21666666666666667,1.0001310948018813,0.00340815861325654,0.00340815861325654,1.0004819453920155,0.00013108620970871514,0.00013109480188133737,0.0005332621287540991,0.5865222113515124
14,0.23333333333333334,1.0006195140802538,0.004027480873881789,0.004027480873881789,0.9999790766937137,0.000619322260625249,0.0006195140802538468,0.00048823605091653387,0.5629899920946286
15,0.25,1.0002983104389664,0.004325746827136048,0.004325746827136048,1.0009056561746419,0.0002982659532542594,0.0002983104389664426,0.00032105630737098957,0.6219019510716568
16,0.26666666666666666,1.0006045590140389,0.004930123168994573,0.004930123168994573,1.0007925390368861,0.0006043763418585253,0.0006045590140388857,0.0003061103886042659,0.6730326351118676
17,0.2833333333333333,1.0008019158299768,0.005731717636264604,0.005731717636264604,0.9999610510558204,0.0008015944672700306,0.0008019158299767959,0.00019721812541150527,0.6473775236694901
18,0.3,1.0009769806131554,0.006708221314472983,0.006708221314472983,0.9996727447039361,0.000976503678208378,0.0009769806131554315,0.0001749092109383474,0.6665806831548243
19,0.31666666666666665,1.001160341997545,0.007867890635548571,0.007867890635548571,1.0003152631554095,0.0011596693210755874,0.0011603419975450002,0.00018316564286720944,0.6802447306079629
20,0.3333333333333333,1.0012764845591426,0.009143561180920053,0.009143561180920053,0.9999754194896641,0.0012756705453714815,0.0012764845591426432,0.00011600122429589405,0.6958345413796696
21,0.35,1.0005622111658432,0.009705614365275625,0.009705614365275625,0.9997994316529397,0.000562053184355572,0.0005622111658432072,0.0007136173610159095,0.6597365707821317
22,0.36666666666666664,1.0006840272421211,0.010389407767391988,0.010389407767391988,1.0001414128507795,0.0006837934021163634,0.0006840272421211324,0.00012174021776079134,0.6741429875220781
23,0.38333333333333336,1.0008075650353019,0.011196646897498707,0.011196646897498707,1.0000826243664676,0.000807239130106719,0.0008075650353018826,0.00012344572799035563,0.6766323267088996
24,0.4,1.000772902253198,0.01196925061556588,0.01196925061556588,0.9999926364787733,0.0007726037180671742,0.0007729022531979268,3.463541203954483e-05,0.704098031550278
25,0.4166666666666667,1.000760591749013,0.012729553261258322,0.012729553261258322,1.0005430158390114,0.0007603026456924413,0.0007605917490129954,1.2301072374732878e-05,0.6761129206198233
26,0.43333333333333335,1.0005675925266688,0.013296984768215158,0.013296984768215158,0.9999700522349467,0.000567431506956836,0.0005675925266688253,0.0001928711387356053,0.6865930213457272
27,0.45,1.000499622888475,0.013796482886731751,0.013796482886731751,1.0009544319108021,0.0004994981185165927,0.0004996228884750487,6.793338844024324e-05,0.7003494655938796
28,0.4666666666666667,0.9999015287227094,0.013698006760826656,0.013698006760826656,1.0000484162212084,-9.8476125905096e-05,-9.847127729056826e-05,0.0005979742444216888,0.733389952123901
29,0.48333333333333334,1.0005305616263052,0.014228427689075954,0.014228427689075954,0.9999485026206698,0.0005304209282492987,0.0005305616263051594,0.0006288970541543947,0.775984562061451
30,0.5,1.0000759075746057,0.014304332382847534,0.014304332382847534,1.0006371035203598,7.590469377158061e-05,7.590757460573805e-05,0.0004545162344777181,0.7439281568998172
31,0.5166666666666667,0.998983131721454,0.01328694674299834,0.01328694674299834,1.0003754848169875,-0.001017385639849193,-0.0010168682785459682,0.0010932903336207736,0.7944191535902612
32,0.5333333333333333,1.0004545769365194,0.013741420390722752,0.013741420390722752,1.0002530984498725,0.00045447364772441143,0.0004545769365194019,0.0014718592875736043,0.7657343967166947
33,0.55,0.9986737343646336,0.012414274486689084,0.012414274486689084,0.9999888381439179,-0.0013271459040336668,-0.0013262656353664193,0.0017816195517580782,0.6932455650376684
34,0.5666666666666667,1.000426377579411,0.012840561193009994,0.012840561193009994,1.0003504825199707,0.0004262867063209103,0.000426377579411108,0.001753432610354577,0.7410700437169017
35,0.5833333333333334,0.999452385108453,0.01229279630566584,0.01229279630566584,0.9999836405348455,-0.0005477648873441534,-0.000547614891546977,0.0009740515936650637,0.6430364417293926
36,0.6,0.9996220183362797,0.011914743188870643,0.011914743188870643,0.9997019779098502,-0.0003780531167951957,-0.00037798166372027264,0.00016971177054895772,0.6154234848493412
37,0.6166666666666667,0.9996410735285662,0.011555752287913498,0.011555752287913498,0.9999995114675192,-0.000358990900957146,-0.00035892647143376255,1.9062215838049664e-05,0.5697999180687798
38,0.6333333333333333,1.0002725067905334,0.01182822195521549,0.01182822195521549,1.0001388636636923,0.0002724696673019919,0.0002725067905333667,0.0006314605682591379,0.5613814951387452
39,0.65,0.9998759945895608,0.011704208855469677,0.011704208855469677,0.9997896729033492,-0.0001240130997458135,-0.00012400541043922075,0.00039648276704780535,0.6090024656425288
40,0.6666666666666666,1.0007180852087556,0.012422036364401338,0.012422036364401338,0.9996218871782374,0.0007178275089316617,0.0007180852087556033,0.0008418406086774751,0.6751976968035286
41,0.6833333333333333,1.000097838578506,0.012519870157025758,0.012519870157025758,0.9994954702573075,9.783379262442009e-05,9.78385785059821e-05,0.0006199937163072416,0.7171579888426227
42,0.7,0.9999932605761411,0.012513130710456868,0.012513130710456868,0.9992821901182712,-6.739446568889284e-06,-6.739423858870275e-06,0.00010457323919330937,0.7133490585986478
43,0.7166666666666667,1.0003725750305943,0.012885636352208947,0.012885636352208947,1.000091745868202,0.00037250564175207815,0.000372575030594291,0.00037924508832096746,0.680672130599434
44,0.7333333333333333,1.0001194222431957,0.013005051465136253,0.013005051465136253,1.0000201068817998,0.00011941511292730598,0.00011942224319572148,0.00025309052882477214,0.7253929997079166
45,0.75,1.000134689683414,0.013139732078709257,0.013139732078709257,0.9999288585217894,0.00013468061357300434,0.00013468968341401322,1.5265500645698357e-05,0.7596981067421995
46,0.7666666666666667,1.0006683068307993,0.013807815691944881,0.013807815691944881,0.9996242626047843,0.000668083613235624,0.0006683068307993256,0.0005334029996626197,0.7456975928059331
47,0.7833333333333333,0.9998733712400945,0.01368117891394103,0.01368117891394103,0.9995259057323875,-0.0001266367780038509,-0.0001266287599055449,0.0007947203912394749,0.7301769260123924
48,0.8,1.0003022434589592,0.013983376706547366,0.013983376706547366,0.9997129573790428,0.00030219779260633677,0.0003022434589592393,0.0004288345706101877,0.7087549994904317
49,0.8166666666666667,0.9995080110534516,0.01349126669372668,0.01349126669372668,1.0003501596157545,-0.0004921100128206861,-0.0004919889465484495,0.0007943078054270228,0.6506512946258357
50,0.8333333333333334,0.9992686353613811,0.012759634477517998,0.012759634477517998,1.0002385818559938,-0.0007316322162086825,-0.0007313646386188921,0.00023952220338799648,0.6672406973956544
51,0.85,0.9993278805965834,0.012087289100595377,0.012087289100595377,0.9997510553563365,-0.000672345376922621,-0.0006721194034166045,5.928683928606152e-05,0.6589943675641661
52,0.8666666666666667,0.9997837114517908,0.011870977158644864,0.011870977158644864,0.9993978708849244,-0.0002163119419505121,-0.00021628854820920917,0.0004560334349721089,0.6938370840049084
53,0.8833333333333333,0.9993027276441757,0.011173461595390363,0.011173461595390363,0.999790947853124,-0.0006975155632545007,-0.0006972723558242855,0.00048120362130398854,0.6680791321507207
54,0.9,0.9989050970199963,0.010077958771231445,0.010077958771231445,1.0001672524113259,-0.0010955028241589173,-0.001094902980003698,0.0003979872609044166,0.7986537800894843
55,0.9166666666666666,0.9991357480278653,0.009213333118042514,0.009213333118042514,0.9998453403375644,-0.0008646256531889302,-0.0008642519721346886,0.00023087717096998707,0.7187917098881286
56,0.9333333333333333,0.9986774516805856,0.007889909459729111,0.007889909459729111,0.9997846200203856,-0.0013234236583134025,-0.0013225483194143628,0.0004587980051244723,0.70186114590845
57,0.95,0.9991379041253193,0.00702744176668913,0.00702744176668913,1.0004054105784697,-0.0008624676930399808,-0.0008620958746806684,0.0004609559652734217,0.6504225833622026
58,0.9666666666666667,0.9992900300083521,0.0063172196269946634,0.0063172196269946634,1.0000575352010854,-0.0007102221396944668,-0.0007099699916478519,0.000152245553345514,0.6905314766919172
59,0.9833333333333333,0.9990890615764879,0.005405866046936347,0.005405866046936347,1.000542870009611,-0.0009113535800583166,-0.0009109384235120865,0.0002011314403638499,0.7323464539610309
60,1.0,0.9993428227884239,0.004748472799762241,0.004748472799762241,1.0004109019193987,-0.0006573932471741061,-0.0006571772115760988,0.00025396033288421055,0.6738689963022868
61,1.0166666666666666,1.0003404904752629,0.005088905321297979,0.005088905321297979,1.0000300602980328,0.0003404325215357382,0.0003404904752628557,0.0009978257687098444,0.6734938745145445
62,1.0333333333333334,0.9999561831959228,0.005045087557236609,0.005045087557236609,1.0001695810264366,-4.38177640613702e-05,-4.381680407716804e-05,0.0003842502855971084,0.7198085264217706
63,1.05,1.000281348722124,0.005326396708230948,0.005326396708230948,1.000217450012917,0.0002813091509943386,0.00028134872212404183,0.0003251269150557088,0.6940198064733435
64,1.0666666666666667,1.0000403732242544,0.005366769117508695,0.005366769117508695,0.9999857616480332,4.037240927774786e-05,4.0373224254430795e-05,0.00024093674171659073,0.6848651728806672
65,1.0833333333333333,1.000441711065898,0.0058083826577916085,0.0058083826577916085,1.0002055937052812,0.00044161354028291307,0.00044171106589807607,0.0004012411310051652,0.650714325139552
66,1.1,1.0001968684797602,0.006005231761495621,0.006005231761495621,0.9998724469629315,0.0001968491037040126,0.00019686847976019273,0.0002447644365789005,0.6323431853306146
67,1.1166666666666667,1.0001437657450745,0.006148987173265728,0.006148987173265728,0.9995896580466122,0.0001437554117701077,0.0001437657450744645,5.309369193390491e-05,0.6593380486523663
68,1.1333333333333333,1.0000300763767316,0.006179063097712158,0.006179063097712158,0.9993945740580806,3.0075924446430426e-05,3.0076376731580368e-05,0.00011367948732367727,0.6340528375425456
69,1.15,0.9994371378661661,0.005616042497521434,0.005616042497521434,0.9995060546348451,-0.0005630206001907244,-0.0005628621338339412,0.0005930965246371548,0.6548252449506595
70,1.1666666666666667,0.9995894847651601,0.005205442978235002,0.005205442978235002,0.9999303484581513,-0.00041059951928643215,-0.00041051523483992547,0.00015242108090429224,0.6782473753263921
71,1.1833333333333333,0.9995681256102701,0.004773475303901715,0.004773475303901715,0.999681879289084,-0.00043196767433328697,-0.00043187438972991377,2.136815504685482e-05,0.6989390948672354
72,1.2,0.999550025055045,0.004323399089840968,0.004323399089840968,1.0004641309689977,-0.000450076214060746,-0.00044997494495502277,1.810853972745904e-05,0.6469646701695007
73,1.2166666666666666,0.9999491692498202,0.004272567047734853,0.004272567047734853,0.999903293450008,-5.083204210611519e-05,-5.083075017975336e-05,0.0003992441719546308,0.6374436185389389
74,1.2333333333333334,0.9999516894648179,0.0042242553455613015,0.0042242553455613015,1.0001712094719208,-4.831170217355145e-05,-4.831053518206119e-05,2.520339932563736e-06,0.6586613892920223
75,1.25,1.0004058589552256,0.004630031962318918,0.004630031962318918,1.0002196945633481,0.00040577661675761666,0.000405858955225602,0.0004540883189311681,0.6432418159202293
76,1.2666666666666666,1.000316370963911,0.004946352891489168,0.004946352891489168,0.9995727008259496,0.00031632092917025076,0.0003163709639109058,8.94556875873659e-05,0.6393838957798333
77,1.2833333333333334,0.9999575830241016,0.0049039350159654545,0.0049039350159654545,0.9997098528362844,-4.241787552371356e-05,-4.2416975898351694e-05,0.0003587388046939643,0.6452065885802846
78,1.3,0.9991784368069605,0.004082034154929478,0.004082034154929478,1.00025061415515,-0.0008219008610359761,-0.0008215631930394984,0.0007794829855122626,0.6237271825472513
79,1.3166666666666667,1.00049426216991,0.004576174217526868,0.004576174217526868,0.9999119132897594,0.0004941400625973894,0.000494262169909998,0.0013160409236333656,0.5596603473616235
80,1.3333333333333333,0.9999154397957521,0.0044916104378633845,0.0044916104378633845,0.9998036618262236,-8.456377966348338e-05,-8.456020424785216e-05,0.0005787038422608728,0.5946769687864516
81,1.35,1.000361653144302,0.0048531982014299825,0.0048531982014299825,0.9994130071332911,0.0003615877635665977,0.0003616531443020321,0.0004461515432300811,0.6465231442157133
82,1.3666666666666667,1.0005092630052812,0.005362331576315687,0.005362331576315687,1.0001785979943105,0.0005091333748857039,0.0005092630052812019,0.0001475456113191062,0.6796637800151919
83,1.3833333333333333,0.9999817013546705,0.005344032763563894,0.005344032763563894,1.0001654332690175,-1.8298812751792584e-05,-1.829864532953973e-05,0.0005274321876374965,0.7211116385754244
84,1.4,1.000588715365257,0.005932574903913755,0.005932574903913755,1.000231365213679,0.0005885421403498613,0.0005887153652570642,0.0006068409531016539,0.7021435679918454
85,1.4166666666666667,1.0006363492930954,0.006568721812651304,0.006568721812651304,0.9997206203415242,0.0006361469087375497,0.0006363492930954173,4.760476838768836e-05,0.7650156018763412
86,1.4333333333333333,1.0002428922601685,0.006811584579270512,0.006811584579270512,0.999441511090886,0.00024286276661920745,0.0002428922601684924,0.00039328414211834225,0.7747837657692992
87,1.45,1.0006621936283786,0.0074735590541910625,0.0074735590541910625,1.0002184814817672,0.0006619744749205507,0.0006621936283786045,0.0004191117083013432,0.8022676380033846
88,1.4666666666666666,1.0010831859166769,0.008556158748290077,0.008556158748290077,1.0001211551975748,0.0010825996940990147,0.0010831859166768876,0.000420625219178464,0.7064977054831423
89,1.4833333333333334,1.000767844434899,0.00932370854146741,0.00932370854146741,0.9998745095039616,0.0007675497931773332,0.0007678444348990787,0.0003150499009216814,0.7330880877412396
90,1.5,1.0008828120725892,0.010206131164669105,0.010206131164669105,0.9998352100468401,0.0008824226232016947,0.000882812072589223,0.00011487283002436144,0.7812054968174593
91,1.5166666666666666,1.0003855517885962,0.01059160864727308,0.01059160864727308,0.9997392916368183,0.0003854774826039749,0.00038555178859622785,0.0004969451405977198,0.7456626349613991
92,1.5333333333333334,0.9989215567220521,0.009512583430943964,0.009512583430943964,1.000399747493611,-0.0010790252163291154,-0.001078443277947927,0.0014645026989330903,0.7023039413970193
93,1.55,0.9998360776155861,0.009348647609787627,0.009348647609787627,1.000078392822836,-0.00016393582115633724,-0.00016392238441387263,0.0009150893951727782,0.7575628574983573
94,1.5666666666666667,1.0006190312202905,0.009967487309286437,0.009967487309286437,0.9998143526728017,0.00061883969949881,0.0006190312202905002,0.0007827755206551473,0.7683430943960025
95,1.5833333333333333,1.0009690946405116,0.010936112680739898,0.010936112680739898,0.9996139614118201,0.0009686253714534614,0.0009690946405116474,0.00034978567195465134,0.8148590318067575
96,1.6,0.9997657249568407,0.010701810190895859,0.010701810190895859,1.0000228663877515,-0.0002343024898440383,-0.00023427504315931547,0.0012029278612974998,0.7818761275138384
97,1.6166666666666667,0.9996263217978104,0.010328062153609098,0.010328062153609098,0.9996932399173987,-0.0003737480372867602,-0.0003736782021895868,0.00013944554744272188,0.7357018241175899
98,1.6333333333333333,0.9996481113724616,0.009976111598739462,0.009976111598739462,0.9994015755947093,-0.0003519505548696365,-0.00035188862753843253,2.1797482417123713e-05,0.7931751168804404
99,1.65,0.9993563404717901,0.009332244832803654,0.009332244832803654,0.9996836684570202,-0.0006438667659358072,-0.0006436595282098834,0.0002919162110661707,0.8039036306922819
100,1.6666666666666667,0.9996902402107796,0.009022437058110145,0.009022437058110145,1.000131773709747,-0.0003098077746935099,-0.0003097597892204318,0.00033405899124229726,0.7939050748907489
101,1.6833333333333333,0.9996733180964485,0.008695701782401512,0.008695701782401512,0.9992913772669787,-0.00032673527570863364,-0.0003266819035514512,1.6927501015123725e-05,0.7284872478320275
102,1.7,0.999162423088326,0.007857773907199746,0.007857773907199746,0.9994882924325978,-0.0008379278752017661,-0.0008375769116739651,0.0005111925994931325,0.7181906813751032
103,1.7166666666666666,0.9994332456401274,0.007290858881366604,0.007290858881366604,0.9999928741029087,-0.000566915025833142,-0.0005667543598726343,0.0002710128493686241,0.7062287509294204
104,1.7333333333333334,0.9994318778505815,0.006722575289410842,0.006722575289410842,0.9998754771371534,-0.0005682835919557617,-0.0005681221494184818,1.368566122619667e-06,0.6903128562150178
105,1.75,0.9992086717933022,0.005930933817272923,0.005930933817272923,1.0002412443476063,-0.0007916414721379188,-0.0007913282066978056,0.00022335788018215707,0.6085179691550172
106,1.7666666666666666,1.000145138485572,0.006076061771273899,0.006076061771273899,0.9997006219022923,0.0001451279540009754,0.00014513848557196063,0.0009367694261388942,0.5857309609872323
107,1.7833333333333334,1.0000911413339113,0.006167198952066175,0.006167198952066175,0.9999313983516303,9.113718079227603e-05,9.11413339113043e-05,5.399077320869938e-05,0.5872058064554945
108,1.8,0.9999509566997911,0.006118154449195266,0.006118154449195266,1.000464589736106,-4.904450287090918e-05,-4.9043300208939655e-05,0.00014018168366318522,0.5681646121578452
109,1.8166666666666667,0.9997985300339087,0.005916664185304065,0.005916664185304065,0.9999820025163948,-0.0002014902638912011,-0.0002014699660912722,0.00015244576102029192,0.571192544536826
110,1.8333333333333333,0.9999482113498371,0.005864874194062755,0.005864874194062755,0.9996747220831349,-5.1789991241309854e-05,-5.1788650162865046e-05,0.00014970027264989125,0.6247638718875838
111,1.85,1.0000447926243599,0.0059096658152629706,0.0059096658152629706,1.000257146773324,4.479162120021478e-05,4.4792624359857314e-05,9.658161244152463e-05,0.6331329910843461
112,1.8666666666666667,1.0000172707175967,0.005926936383722562,0.005926936383722562,1.0001555930524932,1.7270568459591925e-05,1.7270717596717944e-05,2.7521052740622856e-05,0.6229139872539191
113,1.8833333333333333,0.9994981836997295,0.005424994131514238,0.005424994131514238,1.0002796530081968,-0.0005019422522083249,-0.0005018163002704634,0.0005192128206679168,0.7275860506811259
114,1.9,0.999679154486419,0.005104097135999294,0.005104097135999294,0.999596036969939,-0.0003208969955149438,-0.0003208455135810251,0.00018104525669338108,0.715944752752045
115,1.9166666666666667,1.0002978426286073,0.005401895418296174,0.005401895418296174,1.0006674162483713,0.0002977982822968802,0.00029784262860732547,0.0006186952778118239,0.7829420322842068
116,1.9333333333333333,1.000782481824282,0.006184071263280686,0.006184071263280686,1.0008678559971207,0.0007821758449845116,0.0007824818242820886,0.0004843775626876314,0.6982734516520559
117,1.95,0.9991175042141347,0.0053011858487620545,0.0053011858487620545,0.9999138646607282,-0.000882885414518631,-0.0008824957858653004,0.0016650612595031427,0.7313774375120798
118,1.9666666666666666,0.9996980645307688,0.0049992047878396825,0.0049992047878396825,1.0005728219005297,-0.0003019810609223715,-0.00030193546923118486,0.0005809043535962595,0.7161044260013251
119,1.9833333333333334,0.9996841126787744,0.0046832675637048585,0.0046832675637048585,0.9999069248477562,-0.00031593722413482395,-0.00031588732122556085,1.3956163212452423e-05,0.7479720878012386
120,2.0,0.9984216798912913,0.003103700595678558,0.003103700595678558,0.9999575991296541,-0.0015795669680263003,-0.0015783201087087306,0.0012636297438914763,0.679280397494634
121,2.0166666666666666,0.9995679990581268,0.0026716063145156926,0.0026716063145156926,1.000404576835816,-0.00043209428116286567,-0.000432000941873234,0.0011474726868634347,0.6826040750668373
122,2.033333333333333,0.9988611480603505,0.0015321053902175971,0.0015321053902175971,1.0001203958414215,-0.0011395009242980954,-0.0011388519396494656,0.0007074066431352298,0.6537956055888423
123,2.05,0.9995744896353642,0.0011065044703575716,0.0011065044703575716,1.0008993130594444,-0.0004256009198600255,-0.00042551036463578384,0.0007139000044380699,0.6882546712145393
124,2.066666666666667,0.9993727720761084,0.00047907975673942426,0.00047907975673942426,0.9997134559192553,-0.0006274247136181473,-0.0006272279238915823,0.00020182379375812185,0.6669990689666183
125,2.0833333333333335,0.9988891610767329,-0.0006323766053768544,-0.0006323766053768544,0.9997542365680646,-0.0011114563621162786,-0.0011108389232671323,0.0004840316484981313,0.6410554538538427
126,2.1,0.9998467008151116,-0.0007856875417862905,-0.0007856875417862905,1.0001774128209482,-0.00015331093640943614,-0.00015329918488837802,0.0009581454257068425,0.6620989777129374
127,2.1166666666666667,0.9992594395415374,-0.0015265223506022566,-0.0015265223506022566,0.9999402366958892,-0.0007408348088159662,-0.0007405604584626024,0.0005875238724065301,0.66233171981058
128,2.1333333333333333,0.9995076420372063,-0.0020190015613776027,-0.0020190015613776027,0.9996785273123281,-0.0004924792107753463,-0.0004923579627936769,0.00024835559804061997,0.6962657330359941
129,2.15,0.9990532172200165,-0.002966232823276323,-0.002966232823276323,0.9996138217752127,-0.0009472312618987201,-0.0009467827799835016,0.00045475205112337387,0.7329702169365353
130,2.1666666666666665,0.9997360762565037,-0.0032301914007729256,-0.0032301914007729256,0.9992547887874277,-0.00026395857749660236,-0.0002639237434962638,0.0006832726844021178,0.7609103991661543
131,2.183333333333333,0.9996308536192546,-0.003599405932815887,-0.003599405932815887,0.9992898707672565,-0.0003692145320429612,-0.00036914638074536654,0.00010525595454635885,0.7924957643320532
132,2.2,0.9993801634295503,-0.004219434681369429,-0.004219434681369429,0.9993376991513715,-0.0006200287485535423,-0.0006198365704497277,0.0002508142165105811,0.7104607789310409
133,2.216666666666667,0.9993811714883599,-0.004838454746402795,-0.004838454746402795,0.9990547294492462,-0.0006190200650333661,-0.0006188285116400793,1.0086835201761563e-06,0.7084467816941532
134,2.2333333333333334,0.9990972723185917,-0.005741590131826764,-0.005741590131826764,0.9999394795477619,-0.0009031353854239686,-0.0009027276814083107,0.00028411532039060244,0.6638770453135172
135,2.25,0.999285544099712,-0.0064563013773606395,-0.0064563013773606395,0.9996942806850025,-0.0007147112455338751,-0.000714455900287958,0.0001884241398900935,0.6876135842888443
136,2.2666666666666666,0.9993500597269118,-0.007106452953189177,-0.007106452953189177,0.9996122467150209,-0.0006501515758285374,-0.0006499402730881787,6.455966970533768e-05,0.7395729811103255
137,2.283333333333333,0.9995244739251105,-0.0075820921264582435,-0.0075820921264582435,0.9993835933512655,-0.00047563917326906634,-0.0004755260748895429,0.00017451240255947104,0.7304511140894007
138,2.3,0.999185610320018,-0.00839681360186846,-0.00839681360186846,0.9995246860342494,-0.0008147214754102179,-0.0008143896799820416,0.0003390823021411516,0.7087037398491377
139,2.316666666666667,0.9996580217163574,-0.008738850373419054,-0.008738850373419054,0.9997281882951372,-0.00034203677155059234,-0.00034197828364257443,0.0004726847038596256,0.7184148878815734
140,2.3333333333333335,0.9999605284686621,-0.008778322683778322,-0.008778322683778322,0.9995237304188554,-3.9472310359268325e-05,-3.947153133787573e-05,0.000302564461191324,0.7268393255163123
141,2.35,0.9988734126181484,-0.00990554514221868,-0.00990554514221868,0.999887860856177,-0.0011272224584403573,-0.0011265873818515626,0.001087750148081089,0.7682531282636854
142,2.3666666666666667,0.9986031352331245,-0.011303386434170906,-0.011303386434170906,0.9999561298927929,-0.001397841291952226,-0.0013968647668755052,0.0002706188335118687,0.7512667547626259
143,2.3833333333333333,0.9991989724732843,-0.012104734954864043,-0.012104734954864043,0.9995202161720557,-0.0008013485206931363,-0.0008010275267157363,0.0005964927712590897,0.8290418512144206
144,2.4,0.9996605566356617,-0.012444235943141584,-0.012444235943141584,0.9999694180225813,-0.0003395009882775402,-0.0003394433643383321,0.0004618475324155961,0.7878521354698841
145,2.4166666666666665,0.9990171672456477,-0.013427551994297958,-0.013427551994297958,0.9995954325876295,-0.0009833160511563746,-0.000982832754352292,0.0006438150628788344,0.8054057417975532
146,2.433333333333333,0.9988677948181328,-0.01456039860465021,-0.01456039860465021,0.9998754371922712,-0.0011328466103522527,-0.0011322051818671852,0.00014953055919587812,0.819672450783812
147,2.45,0.9990035766682227,-0.015557318696171643,-0.015557318696171643,0.9996377961271056,-0.0009969200915214329,-0.0009964233317772964,0.00013592651883081986,0.7801024357477824
148,2.466666666666667,1.000028358510463,-0.015528960587803588,-0.015528960587803588,0.9998887212234826,2.835810836805532e-05,2.83585104630113e-05,0.0010252781998894881,0.7555683814154731
149,2.4833333333333334,0.9996168289468085,-0.015912205069780902,-0.015912205069780902,0.9998474686297755,-0.00038324448197731334,-0.0003831710531915222,0.0004116025903453687,0.8063779799584989
150,2.5,0.9991244859501511,-0.016788102605903597,-0.016788102605903597,0.9995100980358178,-0.0008758975361226957,-0.0008755140498488689,0.0004926530541453823,0.7953407156025922
151,2.5166666666666666,0.9992380921350346,-0.017550300870180766,-0.017550300870180766,1.0002119615193796,-0.0007621982642771691,-0.0007619078649654387,0.00011369927184552654,0.7376603656344943
152,2.533333333333333,0.9992339384506015,-0.018316655994668644,-0.018316655994668644,0.999641462037834,-0.0007663551244878785,-0.0007660615493985112,4.156860210709364e-06,0.7104635747862451
153,2.55,0.9997036909803542,-0.01861300892250585,-0.01861300892250585,1.0000482151939654,-0.0002963529278372065,-0.0002963090196458351,0.000470002196650672,0.6853720866309272
154,2.566666666666667,0.9992348481033119,-0.019378453697313513,-0.019378453697313513,0.9992673518471819,-0.0007654447748076638,-0.0007651518966881321,0.0004690918469704573,0.6871625894970365
155,2.5833333333333335,0.9993698405883764,-0.020008811742830857,-0.020008811742830857,1.0003777995962766,-0.0006303580455173451,-0.0006301594116235876,0.00013508672929031865,0.680135412098449
156,2.6,0.9991887864475694,-0.020820354507028054,-0.020820354507028054,1.0000769621540024,-0.0008115427641971964,-0.0008112135524306341,0.00018118471867985123,0.7255091002546711
157,2.6166666666666667,0.998991758868705,-0.021829104255313644,-0.021829104255313644,1.0002172688425073,-0.0010087497482855884,-0.0010082411312950512,0.00019720698408839206,0.7242602038383484
158,2.6333333333333333,0.9993252077808613,-0.022504124249194683,-0.022504124249194683,1.000633197364007,-0.0006750199938810385,-0.0006747922191386868,0.00033372975440454995,0.7114449848363429
159,2.65,0.9987542848394397,-0.02375061595785773,-0.02375061595785773,1.0003144077594015,-0.0012464917086630477,-0.0012457151605602679,0.0005714717147820092,0.6813232059243285
160,2.6666666666666665,0.9994384516631455,-0.024312322022029993,-0.024312322022029993,0.9999373743620286,-0.0005617060641722629,-0.0005615483368545116,0.0006847856444907848,0.6655655608059448
161,2.683333333333333,0.9992708389659505,-0.025041749023282774,-0.025041749023282774,0.9996596726907626,-0.0007294270012527803,-0.0007291610340495192,0.00016772093708051735,0.6474809965969603
162,2.7,0.9993991876371252,-0.025642741946230695,-0.025642741946230695,0.9995566961180208,-0.0006009929229479217,-0.0006008123628747919,0.00012843407830485855,0.7085002533594768
163,2.716666666666667,0.9994059704063455,-0.026236948045367386,-0.026236948045367386,0.999997508038787,-0.0005942060991366935,-0.0005940295936545104,6.786823811228164e-06,0.7332014200422499
164,2.7333333333333334,1.0000596443896759,-0.0261773054343474,-0.0261773054343474,0.9998660640680817,5.96426110199868e-05,5.964438967587249e-05,0.0006538487101566804,0.7565540226006213
165,2.75,0.9987579346923707,-0.027420142744408713,-0.027420142744408713,0.9993291294353627,-0.0012428373100613133,-0.0012420653076292698,0.0013024799210813,0.7276312837924487
166,2.7666666666666666,0.9993885424580534,-0.02803178730275704,-0.02803178730275704,1.000068826642278,-0.0006116445583483277,-0.0006114575419465806,0.0006311927517129856,0.7937077242651104
167,2.783333333333333,0.999176202940635,-0.028855923869389052,-0.028855923869389052,1.0002067813865791,-0.0008241365666320128,-0.0008237970593649724,0.00021249200828368515,0.7895555050579118
168,2.8,0.9989951171283106,-0.029861311974366596,-0.029861311974366596,1.0000903327813058,-0.0010053881049775452,-0.0010048828716894276,0.00018125153834553233,0.7630450248718261
169,2.816666666666667,0.9992767097387675,-0.030584863936198053,-0.030584863936198053,0.9993542536698917,-0.0007235519618314588,-0.0007232902612325232,0.0002818361431460864,0.7439221708274182
170,2.8333333333333335,0.9992297440641185,-0.03135541667160049,-0.03135541667160049,0.9995819311018035,-0.0007705527354024321,-0.0007702559358815364,4.700077357097329e-05,0.7556460253397623
171,2.85,0.9987092908612589,-0.03264695949282025,-0.03264695949282025,1.000599401608424,-0.0012915428212197646,-0.0012907091387410752,0.0005209900858173326,0.7331547336813844
172,2.8666666666666667,0.9987983829480518,-0.03384929906539163,-0.03384929906539163,1.0002213357874532,-0.0012023395725713735,-0.0012016170519482117,8.92032486483911e-05,0.6961647000724887
173,2.8833333333333333,1.0001902481946165,-0.03365906896566788,-0.03365906896566788,0.9995449467631029,0.00019023009972374906,0.00019024819461654907,0.0013925696722951225,0.7193752730628591
174,2.9,0.9987946142836919,-0.03486518174365712,-0.03486518174365712,1.000344977841377,-0.0012061127779892365,-0.0012053857163081272,0.0013963428777129855,0.6849872962633768
175,2.9166666666666665,0.9993405447408118,-0.03552485453910697,-0.03552485453910697,1.0000756362381795,-0.0006596727954498495,-0.0006594552591882019,0.000546439982539387,0.7380767001634763
176,2.933333333333333,0.9982994978059234,-0.03722680422825136,-0.03722680422825136,1.0002201143693088,-0.001701949689144388,-0.0017005021940765808,0.0010422768936945385,0.6922043045067493
177,2.95,0.9983725044234708,-0.03885562561440115,-0.03885562561440115,1.0000408990482688,-0.0016288213861497972,-0.001627495576529192,7.312830299459078e-05,0.7365853947768977
178,2.966666666666667,0.9981014686005125,-0.04075596150891474,-0.04075596150891474,1.0002745768197787,-0.0019003358945135864,-0.0018985313994874797,0.00027151450836378926,0.6767508483227388
179,2.9833333333333334,0.9995686074692699,-0.04118744711617193,-0.04118744711617193,1.00068488656417,-0.0004314856072571945,-0.0004313925307301014,0.001468850287256392,0.7197812371783786
180,3.0,0.9985725868388815,-0.04261588000195114,-0.04261588000195114,1.0002330561521051,-0.0014284328857792129,-0.001427413161118496,0.0009969472785220184,0.7278391159905327
181,3.0166666666666666,1.0008906926401797,-0.041725583793079564,-0.041725583793079564,1.000557259613304,0.0008902962088715797,0.0008906926401797133,0.0023187290946507927,0.7420058979222804
182,3.033333333333333,1.0011494151326912,-0.04057682873221274,-0.04057682873221274,1.000648866474096,0.0011487550608668263,0.0011494151326911783,0.00025845885199524664,0.7334851250236417
183,3.05,1.0005760535311015,-0.04000094105625539,-0.04000094105625539,0.999729931584856,0.0005758876759573518,0.0005760535311014614,0.0005728673849094745,0.6560428488401719
184,3.066666666666667,1.0009459312055966,-0.03905545696164637,-0.03905545696164637,1.000468532181899,0.000945484094609021,0.0009459312055966063,0.00036959641865166924,0.6437049750339837
185,3.0833333333333335,0.9994979054235856,-0.03955767762975097,-0.03955767762975097,0.9995932412634211,-0.0005022206681046038,-0.0005020945764143692,0.0014477047627136249,0.6889924749327294
186,3.1,1.0001091107896427,-0.03944857279225752,-0.03944857279225752,0.9994864427995808,0.00010910483749345823,0.00010911078964270793,0.000611325505598062,0.6703256039560577
187,3.1166666666666667,1.000117794131598,-0.03933078559784351,-0.03933078559784351,0.9994626188385612,0.00011778719441400738,0.00011779413159795915,8.682356920549156e-06,0.7624516404999627
188,3.1333333333333333,1.000448286074592,-0.03888259997343467,-0.03888259997343467,0.9993367853111093,0.0004481856244088403,0.0004482860745920192,0.0003303984299948329,0.6664673495587008
189,3.15,0.9995029699593437,-0.03937975357446544,-0.03937975357446544,0.9999323266271393,-0.0004971536010307645,-0.0004970300406562655,0.0009453392254396048,0.6757096959926464
190,3.1666666666666665,1.000447239573868,-0.03893261398240627,-0.03893261398240627,1.0000071760488756,0.00044713959205916145,0.00044723957386794133,0.0009442931930899259,0.7658725032099971
191,3.183333333333333,1.0001339847208386,-0.03879863823671872,-0.03879863823671872,0.999945772079858,0.00013397574568755762,0.00013398472083858692,0.00031316384637160386,0.7840407072761912
192,3.2,0.9994445892591187,-0.03935420327528058,-0.03935420327528058,1.0001115549036326,-0.0005555650385618601,-0.0005554107408812792,0.0006895407842494178,0.6893628607855903
193,3.216666666666667,1.0000707414413332,-0.03928346433600511,-0.03928346433600511,1.0004610632302373,7.073893927547081e-05,7.074144133323301e-05,0.000626303977837331,0.7386806013554703
194,3.2333333333333334,1.0003033499633223,-0.03898016037398021,-0.03898016037398021,1.0001470885834796,0.00030330396202489924,0.0003033499633222636,0.00023256502274942843,0.6450343094343021
195,3.25,1.000327557157163,-0.03865265685195071,-0.03865265685195071,1.0002078975831126,0.0003275035220294959,0.0003275571571630387,2.4199560004596653e-05,0.7028126630665343
196,3.2666666666666666,1.0001623286630295,-0.038490341362793036,-0.038490341362793036,1.0004587263554074,0.00016231548915767894,0.00016232866302945403,0.00016518803287181695,0.6981366813624347
197,3.283333333333333,1.0000704479017402,-0.03841989594238977,-0.03841989594238977,1.000035791416086,7.04454204032622e-05,7.044790174015603e-05,9.187006875441674e-05,0.7780421372990549
198,3.3,1.0002498634356556,-0.0381700637174036,-0.0381700637174036,1.0002068768415664,0.0002498322249861737,0.000249863435655584,0.0001793868045829115,0.7644868018892076
199,3.316666666666667,0.9998666661494383,-0.03830340645771335,-0.03830340645771335,1.0000264191861443,-0.00013334274030975436,-0.0001333338505616899,0.00038317496529592806,0.639065928576905
200,3.3333333333333335,1.000338095486241,-0.03796536811287204,-0.03796536811287204,1.0000638183127788,0.0003380383448413141,0.00033809548624108565,0.0004713810851510685,0.704808096120387
201,3.35,0.9994345530081843,-0.038530975030127104,-0.038530975030127104,0.9997301526866922,-0.0005656069172550674,-0.0005654469918157101,0.0009036452620963815,0.6720715187802727
202,3.3666666666666667,1.000007571473928,-0.038523403584862524,-0.038523403584862524,0.9998077236883747,7.571445264583429e-06,7.5714739280474674e-06,0.0005731783625196508,0.6873419937675382
203,3.3833333333333333,0.9997090061737673,-0.038814439758013956,-0.038814439758013956,1.0003142187796705,-0.00029103617315143497,-0.000290993826232655,0.0002986076184160184,0.7547995845182442
204,3.4,1.000971996008306,-0.037842915831944664,-0.037842915831944664,1.0001554080809323,0.0009715239260692947,0.0009719960083061085,0.0012625600992207295,0.7066390214142976
205,3.4166666666666665,1.001055232663105,-0.03678823953546318,-0.03678823953546318,1.0000660263148278,0.0010546762964814811,0.0010552326631050324,8.315237041218646e-05,0.711407280733556
206,3.433333333333333,1.0004127254157325,-0.03637559926743752,-0.03637559926743752,0.9995117613944351,0.0004126402680256649,0.00041272541573245114,0.0006420360284558162,0.6977261124275349
207,3.45,1.0008982176139156,-0.035477784809566364,-0.035477784809566364,0.9996917429953698,0.0008978144578711573,0.0008982176139156195,0.00048517418984549235,0.713371871135853
208,3.466666666666667,1.0006904738799827,-0.03478754919700119,-0.03478754919700119,0.9995090232197987,0.0006902356125651749,0.0006904738799826671,0.00020757884530598237,0.7409046757662738
209,3.4833333333333334,1.001096694524464,-0.033691455602659535,-0.033691455602659535,0.9997390069507776,0.0010960935943416512,0.001096694524463926,0.00040585798177647633,0.792522220964785
210,3.5,1.001153063465294,-0.0325390564044639,-0.0325390564044639,0.9994339180908299,0.001152399198195639,0.0011530634652940908,5.630560385398785e-05,0.7699183542934465
211,3.5166666666666666,1.0014422254601203,-0.03109786995261303,-0.03109786995261303,1.0000575726769783,0.001441186451850866,0.0014422254601202944,0.000288787253655227,0.7726663161207128
212,3.533333333333333,1.0009000513236248,-0.030198223432303172,-0.030198223432303172,1.0001716189930352,0.0008996465203098572,0.0009000513236248064,0.0005415399315410089,0.8298085839071392
213,3.55,1.000776591307407,-0.029421933515897288,-0.029421933515897288,0.9993789875935275,0.0007762899164058835,0.0007765913074069264,0.00012335660390397373,0.7250454384603618
214,3.566666666666667,1.0008945667152853,-0.02852776668695045,-0.02852776668695045,1.0002104819719915,0.0008941668289468374,0.0008945667152853165,0.00011787691254095398,0.7527710511360639
215,3.5833333333333335,0.9999430399925817,-0.02858472831665156,-0.02858472831665156,0.9998534141722304,-5.696162970110933e-05,-5.6960007418283e-05,0.0009511284586479467,0.7975308769131885
216,3.6,1.0003020090392234,-0.028282764872978105,-0.028282764872978105,0.9997815558994471,0.00030196344367345576,0.0003020090392233943,0.00035892507337456506,0.7377761711897673
217,3.6166666666666667,0.9994251667570309,-0.02885776339591784,-0.02885776339591784,0.999286497509335,-0.0005749985229397355,-0.0005748332429691416,0.0008769619666131913,0.6923318867330198
218,3.6333333333333333,0.9995967961214576,-0.02926104858300078,-0.02926104858300078,0.9997251774896716,-0.0004032851870829404,-0.0004032038785424241,0.0001717133358567951,0.633948326051971
219,3.65,0.9998322521140787,-0.029428810540172365,-0.029428810540172365,0.9996296916926765,-0.0001677619571715847,-0.00016774788592133216,0.00023552322991135573,0.6980305876555266
220,3.6666666666666665,0.9999694197731286,-0.029459391234628447,-0.029459391234628447,0.9996905707900957,-3.058069445608316e-05,-3.058022687141282e-05,0.00013718126271550153,0.780852322195783
221,3.683333333333333,0.9998579914736173,-0.02960140984517662,-0.02960140984517662,1.000126402302823,-0.0001420186105481721,-0.00014200852638268646,0.00011143791609208894,0.7576132826746246
222,3.7,1.0002913879392499,-0.029310064351147164,-0.029310064351147164,0.9994118786807183,0.00029134549402945627,0.0002913879392498764,0.00043336410457762834,0.7975154974136823
223,3.716666666666667,0.9994159566790499,-0.029894278291833727,-0.029894278291833727,0.9996874157511098,-0.0005842139406865642,-0.0005840433209500784,0.0008755594347160205,0.7018032296204273
224,3.7333333333333334,1.0000081249474906,-0.02988615337735035,-0.02988615337735035,1.0001015861550515,8.124914483377158e-06,8.124947490584233e-06,0.0005923388551699414,0.7655343238218331
225,3.75,1.0001821804290068,-0.029703989541182727,-0.029703989541182727,1.0003566760944118,0.00018216383616762404,0.0001821804290067508,0.00017403892168424688,0.7425388964900264
226,3.7666666666666666,1.0004610045257658,-0.02924309124535624,-0.02924309124535624,0.999824820423437,0.0004608982958264865,0.00046100452576580686,0.0002787344596588625,0.754540728168723
227,3.783333333333333,0.999852423543039,-0.029390678592793984,-0.029390678592793984,0.9998520069123279,-0.00014758734743774141,-0.00014757645696095167,0.0006084856432642279,0.7395269807179768
228,3.8,1.000073474670664,-0.02931720662126129,-0.02931720662126129,0.999637514212239,7.347197153269409e-05,7.347467066409763e-05,0.0002210593189704355,0.6737126907227952
229,3.816666666666667,1.0002163642364112,-0.029100865788215736,-0.029100865788215736,1.0000633262459617,0.00021634083304555615,0.00021636423641124836,0.00014286886151286207,0.7260163183565493
230,3.8333333333333335,1.0002527278437436,-0.028848169874773927,-0.028848169874773927,0.9996495427404333,0.0002526959134418079,0.00025272784374363866,3.635508039625176e-05,0.7557373302512699
231,3.85,1.0002287159038195,-0.02861948012244937,-0.02861948012244937,1.000232366040228,0.00022868975232455673,0.00022871590381945417,2.4006161117251187e-05,0.7499657469619939
232,3.8666666666666667,1.0001550031730224,-0.028464488961177554,-0.028464488961177554,1.0002224594233953,0.00015499116127181672,0.00015500317302241662,7.369859105274e-05,0.7743248892419132
233,3.8833333333333333,0.9995991101875152,-0.028865459151465673,-0.028865459151465673,0.9999385886505486,-0.00040097019028811806,-0.0004008898124847615,0.0005559613515599348,0.6956257669130961
234,3.9,1.0000780234320785,-0.02878743876305681,-0.02878743876305681,0.9997722490534416,7.802038840886294e-05,7.802343207852225e-05,0.000478990578696981,0.7454146323969335
235,3.9166666666666665,1.0002367328144557,-0.028550733965392268,-0.028550733965392268,0.9999622049130139,0.0002367047976645421,0.00023673281445568684,0.00015868440925567918,0.7438924070640847
236,3.933333333333333,0.999804763265375,-0.028745989761189503,-0.028745989761189503,0.9992925577071913,-0.00019525579579723407,-0.0001952367346249595,0.00043196059346177615,0.7139685463022303
237,3.95,0.9993314416777063,-0.029414771668256918,-0.029414771668256918,0.9993598183100292,-0.0006687819070674152,-0.000668558322293733,0.00047352611127018116,0.673831975724962
238,3.966666666666667,1.0000786458359894,-0.029336128924689165,-0.029336128924689165,0.9995455331809121,7.864274356775423e-05,7.864583598937713e-05,0.0007474246506351694,0.7731441153420342
239,3.9833333333333334,1.0000717115478985,-0.02926441994794076,-0.02926441994794076,0.9994432872684565,7.170897674840321e-05,7.171154789853418e-05,6.933766819351014e-06,0.7531496619736707
240,4.0,0.9993636093203158,-0.0299010132101259,-0.0299010132101259,0.9995344216932125,-0.0006365932621851377,-0.00063639067968424,0.000708302238933541,0.7136227407573182
241,4.016666666666667,0.9991436092364829,-0.03075777088570791,-0.03075777088570791,0.9998947813458614,-0.0008567576755820118,-0.0008563907635170676,0.00022016441339687404,0.6546321304933524
242,4.033333333333333,0.9992512677859148,-0.03150678353974903,-0.03150678353974903,0.999586449243642,-0.0007490126540411185,-0.0007487322140852237,0.00010774502154089322,0.7652108038354803
243,4.05,0.99928775912014,-0.03221927818364573,-0.03221927818364573,0.9997664627102244,-0.0007124946438967001,-0.0007122408798599933,3.651801014441843e-05,0.7106772340374229
244,4.066666666666666,0.9985281843868916,-0.033692177981297346,-0.033692177981297346,0.9997049835036701,-0.001472899797651619,-0.0014718156131083848,0.0007604051537549189,0.743870667292748
245,4.083333333333333,0.9990594183890101,-0.03463320221674206,-0.03463320221674206,1.000118477987351,-0.0009410242354447128,-0.0009405816109898657,0.0005318755622069062,0.7214066013289087
246,4.1,0.9991965217956779,-0.035437003382683276,-0.035437003382683276,0.999539431194579,-0.0008038011659412186,-0.0008034782043221389,0.00013722306950349423,0.7377091191433094
247,4.116666666666666,0.9987791641976391,-0.036658585012155735,-0.036658585012155735,0.9995444958609719,-0.0012215816294724618,-0.0012208358023608756,0.0004177804635312432,0.7924188063762806
248,4.133333333333334,0.9984794825164327,-0.03818025965556855,-0.03818025965556855,1.0001693845032478,-0.001521674643412814,-0.0015205174835672963,0.0003000930139403521,0.7866079532952956
249,4.15,0.9992554281502918,-0.03892510883656705,-0.03892510883656705,0.9996544157637032,-0.0007448491809985017,-0.0007445718497082199,0.0007768254624143122,0.7147527498669094
250,4.166666666666667,0.9994937277804523,-0.03943150925516579,-0.03943150925516579,1.0000286815621466,-0.0005064004185987353,-0.0005062722195476876,0.0002384487623997664,0.7276254024623353
251,4.183333333333334,0.9998744429026075,-0.03955707423551047,-0.03955707423551047,0.9998641226823188,-0.00012556498034468146,-0.00012555709739248133,0.0003808354382540538,0.7277386627079528
252,4.2,0.9994691986838539,-0.04008801647654617,-0.04008801647654617,1.0002729334036784,-0.0005309422410356968,-0.0005308013161461345,0.00040537726069101533,0.7273760417950006
253,4.216666666666667,0.9993730241729463,-0.04071518893513686,-0.04071518893513686,1.0000305515513908,-0.000627172458590697,-0.0006269758270537329,9.623021755500027e-05,0.7373653215243493
254,4.233333333333333,0.9997380692131992,-0.04097715403179755,-0.04097715403179755,1.0003557773268377,-0.0002619650966606861,-0.0002619307868008125,0.00036520736193001096,0.7342506866690554
255,4.25,0.9994540360936127,-0.04152326703074695,-0.04152326703074695,1.000163347123781,-0.0005461129989493947,-0.0005459639063872812,0.00028414790228870865,0.7370507737736643
256,4.266666666666667,0.9998516652828185,-0.04167161275061063,-0.04167161275061063,0.9994980904806428,-0.00014834571986368036,-0.00014833471718145308,0.0003977672790857144,0.7338865035257222
257,4.283333333333333,0.9992867764425823,-0.042385090772950496,-0.042385090772950496,1.000174078957598,-0.0007134780223398592,-0.0007132235574176526,0.0005651323024761787,0.7426503528489007
258,4.3,0.9994946133933271,-0.04289060513047867,-0.04289060513047867,0.9998146616338137,-0.0005055143575281714,-0.0005053866066728752,0.00020796366481168772,0.7263488952318827
259,4.316666666666666,0.9991926013383777,-0.04369832991395238,-0.04369832991395238,0.9999828670393279,-0.0008077247834737133,-0.0008073986616222717,0.0003022104259455419,0.7049869529111886
260,4.333333333333333,0.9999183061573234,-0.04378002709375274,-0.04378002709375274,1.0004174836356627,-8.169717980035966e-05,-8.169384267664448e-05,0.0007260276036733537,0.7111860823042598
261,4.35,0.9989548080252274,-0.04482576566255439,-0.04482576566255439,0.9998473752963201,-0.001045738568801648,-0.0010451919747725968,0.0009640413890012883,0.7808558633592394
262,4.366666666666666,0.9994441420707466,-0.04538177813809971,-0.04538177813809971,0.9996839528620496,-0.0005560124755453212,-0.0005558579292533894,0.0004897260932563268,0.8244317682289782
263,4.383333333333334,0.9990749605649528,-0.04630724568615973,-0.04630724568615973,0.9997249892372262,-0.0009254675480600193,-0.0009250394350471813,0.0003694550725146981,0.7907903947947937
264,4.4,0.9998085197581748,-0.04649874426266701,-0.04649874426266701,0.9997399739633774,-0.00019149857650727645,-0.00019148024182524814,0.0007339689715527428,0.7443273320315796
265,4.416666666666667,0.9992145683333169,-0.047284484542408516,-0.047284484542408516,1.0002234438820163,-0.0007857402797415089,-0.0007854316666831007,0.0005942417032342325,0.8049894226333242
266,4.433333333333334,0.9988111809453474,-0.048474010802982304,-0.048474010802982304,1.0000458380844701,-0.001189526260573788,-0.0011888190546526234,0.00040378598083227915,0.7706288073975363
267,4.45,0.9991946936811457,-0.04927964155516073,-0.04927964155516073,1.0001971176044808,-0.0008056307521784287,-0.0008053063188543375,0.0003838955083953593,0.7761579604207733
268,4.466666666666667,0.9992310089295362,-0.050048928450925484,-0.050048928450925484,1.0001954474934014,-0.0007692868957647572,-0.0007689910704637981,3.634385641367152e-05,0.7724032343758477
269,4.483333333333333,0.998855999332602,-0.05119358398658106,-0.05119358398658106,1.0005765013686359,-0.0011446555356555777,-0.0011440006673979486,0.0003753686398908205,0.8353521884517905
270,4.5,0.998622035443351,-0.05257249880944547,-0.05257249880944547,1.0007488837687717,-0.0013789148228644072,-0.0013779645566489584,0.00023425928720882954,0.8283289106392566
271,4.516666666666667,0.9989326821235622,-0.05364038667521722,-0.05364038667521722,1.0002862880039267,-0.0010678878657717468,-0.0010673178764377678,0.0003110269570926604,0.792754206009853
272,4.533333333333333,0.9989693549883002,-0.05467156316669647,-0.05467156316669647,0.9994094947465344,-0.0010311764914792457,-0.0010306450116998045,3.671137429250111e-05,0.7193857967412031
273,4.55,0.9992456026254903,-0.05542624524209954,-0.05542624524209954,0.9998738026099181,-0.000754682075403073,-0.0007543973745096633,0.0002764944160761727,0.7608883260797571
274,4.566666666666666,0.9991741718746764,-0.05625241455132188,-0.05625241455132188,0.9999062874734953,-0.00082616930922234,-0.0008258281253236133,7.148723381926697e-05,0.8571211307431444
275,4.583333333333333,0.9989634406199588,-0.05728951153057171,-0.05728951153057171,0.999732362255739,-0.001037096979249832,-0.0010365593800412132,0.000210927670027492,0.7501776974289506
276,4.6,0.9990012461508818,-0.058288764466653153,-0.058288764466653153,0.9993889654363661,-0.0009992529360814376,-0.0009987538491181835,3.784404316839441e-05,0.7890631413018262
277,4.616666666666666,0.999179201042368,-0.059109900464190186,-0.059109900464190186,1.000196598497415,-0.0008211359975370323,-0.0008207989576319852,0.00017811693854440525,0.8018254210330822
278,4.633333333333334,0.9992263782479741,-0.0598838216159484,-0.0598838216159484,0.9999708899918962,-0.0007739211517582146,-0.0007736217520258881,4.721484577881771e-05,0.799348813869335
279,4.65,0.9991973467695423,-0.06068679714498448,-0.06068679714498448,1.0001558466770804,-0.000802975529036081,-0.000802653230457695,2.905437727786643e-05,0.8261098977077155
280,4.666666666666667,0.9994919348659698,-0.06119499138783724,-0.06119499138783724,1.000684479728136,-0.0005081942428527547,-0.0005080651340302333,0.0002947812861833263,0.8545163788618865
281,4.683333333333334,0.9995421888215752,-0.061652907393794955,-0.061652907393794955,0.9998790812786676,-0.00045791600595771566,-0.0004578111784248051,5.0278236895039076e-05,0.8315289673098811
282,4.7,0.9989911011292946,-0.0626623155455369,-0.0626623155455369,1.0005518641095306,-0.0010094081517419444,-0.0010088988707054325,0.0005514921457842287,0.8049381974597036
283,4.716666666666667,0.9994215332440127,-0.06324094967796899,-0.06324094967796899,1.0001376894599774,-0.0005786341324320823,-0.0005784667559872725,0.00043077401930986207,0.8304045159139751
284,4.733333333333333,0.9994109081093565,-0.06383021515141446,-0.06383021515141446,1.000187330046513,-0.000589265473445462,-0.0005890918906434894,1.0631341013379739e-05,0.7999459918634391
285,4.75,0.9992268820629286,-0.06460363209828128,-0.06460363209828128,0.999770168828809,-0.0007734169468668228,-0.0007731179370713548,0.00018415147342136073,0.8275853645065684
286,4.766666666666667,0.9992761369539035,-0.06532775725973058,-0.06532775725973058,0.9999220979220185,-0.0007241251614493037,-0.0007238630460965068,4.9291785417519027e-05,0.8549637292270307
287,4.783333333333333,0.9997409258035468,-0.06558686502170086,-0.06558686502170086,1.000164208809309,-0.00025910776197027817,-0.00025907419645321283,0.00046501739947902557,0.782768719755573
288,4.8,0.999449794754226,-0.06613722168592444,-0.06613722168592444,1.000416957867298,-0.0005503566642235853,-0.0005502052457739826,0.00029124890225330714,0.8256374645895428
289,4.816666666666666,0.9999865437469457,-0.0661506780295149,-0.0661506780295149,1.0001161721980134,-1.3456343590452325e-05,-1.3456253054267009e-05,0.000536900320633133,0.8854653453826904
290,4.833333333333333,0.9995449762624832,-0.066605805321747,-0.066605805321747,0.9996783295054951,-0.00045512729223210326,-0.00045502373751682423,0.00044167094864165093,0.7725732505468674
291,4.85,0.9998659620653921,-0.06673985224024162,-0.06673985224024162,1.0001864040716169,-0.00013404691849462053,-0.00013403793460786684,0.00032108037373748276,0.8402225576801065
292,4.866666666666666,0.9999905352104658,-0.06674931707456726,-0.06674931707456726,0.9998373644853141,-9.464834325633447e-06,-9.464789534230356e-06,0.00012458208416898708,0.7768158288060883
293,4.883333333333334,0.9994037315332523,-0.06734576338005373,-0.06734576338005373,1.0002396183017443,-0.0005964463054864721,-0.0005962684667476514,0.0005869814711608386,0.7432194579677818
294,4.9,0.9996985826015177,-0.06764722621389034,-0.06764722621389034,1.0003065705980507,-0.00030146283383661624,-0.00030141739848232874,0.00029498347164985585,0.687299313545227
295,4.916666666666667,0.9998974349765325,-0.06774979649750953,-0.06774979649750953,1.0001770901652773,-0.00010257028361919886,-0.00010256502346750462,0.00019889255021741738,0.806237050809978
296,4.933333333333334,1.00072826025919,-0.0670218012911449,-0.0670218012911449,1.000055844903854,0.000727995206364634,0.0007282602591900389,0.0008305654899838328,0.7227960291026551
297,4.95,0.9993184399592833,-0.06770359369949384,-0.06770359369949384,1.000436847610665,-0.0006817924083489449,-0.0006815600407167333,0.0014097876147135789,0.81516845703125
298,4.966666666666667,0.9994902334495986,-0.06821349022503635,-0.06821349022503635,1.0000622053388073,-0.0005098965255425087,-0.0005097665504013582,0.00017189588280643617,0.8241444511766787
299,4.983333333333333,1.0011710809463858,-0.06704309445905969,-0.06704309445905969,1.0005112539726726,0.0011703957659766652,0.0011710809463858496,0.001680292291519174,0.7589688211017185
300,5.0,0.998900702328166,-0.06814299680176218,-0.06814299680176218,0.9999430484627869,-0.0010999023427024862,-0.001099297671834032,0.002270298108679151,0.8146755499898651
301,5.016666666666667,1.001577650389033,-0.06656658959573716,-0.06656658959573716,1.0001044421637115,0.001576407206025018,0.001577650389033014,0.0026763095487275044,0.698531710130197
302,5.033333333333333,1.001876975362779,-0.06469137355009515,-0.06469137355009515,0.9994881233278963,0.001875216045642021,0.0018769753627789765,0.0002988088396170031,0.699716199239095
303,5.05,1.001279183433747,-0.06341300757443166,-0.06341300757443166,0.9994969179509803,0.0012783659756634886,0.0012791834337471109,0.0005968500699785324,0.7135822308505023
304,5.066666666666666,1.001375634026934,-0.062038318865144285,-0.062038318865144285,0.9997535148090416,0.0013746887092873775,0.0013756340269339695,9.632273362388888e-05,0.6990984798360754
305,5.083333333333333,1.0014127521142333,-0.060626563746284695,-0.060626563746284695,1.0001457546903902,0.0014117551188595875,0.0014127521142333066,3.706640957221001e-05,0.7199228486897032
306,5.1,1.0017404661638223,-0.05888761043856724,-0.05888761043856724,0.9999208174375601,0.0017389533077174582,0.0017404661638222851,0.00032719818885787065,0.8063202679598773
307,5.116666666666666,1.0013242089209815,-0.057564277508973805,-0.057564277508973805,1.0002254530153218,0.001323332929593433,0.0013242089209815067,0.00041562037812402516,0.8431768683445307
308,5.133333333333334,1.0017230659981065,-0.05584269428604895,-0.05584269428604895,1.0002145085571765,0.0017215832229248572,0.0017230659981064544,0.0003982502933314242,0.7863268609694493
309,5.15,1.0015264937220592,-0.05431736447121737,-0.05431736447121737,0.999830468681974,0.001525329814831576,0.0015264937220591523,0.00019625340809328114,0.7139748471165881
310,5.166666666666667,1.0010411741311263,-0.05327673198594428,-0.05327673198594428,0.9997223987512933,0.0010406324852730894,0.0010411741311262546,0.0004846973295584867,0.8044664181603326
311,5.183333333333334,1.000977168294507,-0.05230004080958398,-0.05230004080958398,0.9994161454199774,0.0009766911763602947,0.0009771682945070026,6.394130891279473e-05,0.7255283352180764
312,5.2,1.0014953521421226,-0.05080580559314969,-0.05080580559314969,0.999420464842027,0.0014942352164342939,0.0014953521421225968,0.0005175440400739992,0.686572506810412
313,5.216666666666667,1.001226993901795,-0.04957956383318608,-0.04957956383318608,1.0005211055161742,0.0012262417599636086,0.001226993901795037,0.00026799345647068526,0.7717559288166187
314,5.233333333333333,1.0006806262955823,-0.04889916905863399,-0.04889916905863399,0.9998030447558759,0.0006803947745520904,0.0006806262955822984,0.0005458469854115182,0.7545563335183226
315,5.25,1.001610602432412,-0.04728986225534385,-0.04728986225534385,1.000198465463122,0.001609306803290141,0.0016106024324120671,0.0009289120287380506,0.8178530640072292
316,5.266666666666667,1.0008536910837857,-0.046436535358537326,-0.046436535358537326,1.000757479504598,0.0008533268968065243,0.0008536910837857459,0.0007559799064836167,0.7286785837456032
317,5.283333333333333,1.0015189237966111,-0.044918763959887295,-0.044918763959887295,0.9993556055748534,0.0015177713986500297,0.0015189237966111158,0.0006644445018435054,0.7440052489292475
318,5.3,1.0008964050914624,-0.04402276039953048,-0.04402276039953048,1.0001432891309538,0.0008960035603568177,0.0008964050914623822,0.0006217678382932119,0.783832893371582
319,5.316666666666666,1.0008468300051427,-0.04317628875261848,-0.04317628875261848,1.0000331967054694,0.0008464716469119996,0.0008468300051427402,4.953191344481817e-05,0.7431002771118541
320,5.333333333333333,1.001069280251866,-0.04210757977368343,-0.04210757977368343,0.999758079533351,0.00106870897893505,0.0010692802518659228,0.00022223733202305046,0.750936758591805
321,5.35,1.000955282421706,-0.041152753343852405,-0.041152753343852405,0.9994972544004415,0.0009548264298310261,0.0009552824217060607,0.0001138825491040239,0.7826229598198408
322,5.366666666666666,1.0009258048074654,-0.04022737682933437,-0.04022737682933437,0.9997706296511492,0.000925376514518035,0.0009258048074654024,2.9449915312991168e-05,0.751994457392045
323,5.383333333333334,1.0012633545571539,-0.038964819633053364,-0.038964819633053364,1.0002817769182357,0.0012625571962810059,0.001263354557153873,0.0003371806817629709,0.7317891404658188
324,5.4,1.0010232401392614,-0.03794210264713938,-0.03794210264713938,0.9997131906658567,0.0010227169859139851,0.001023240139261361,0.00023984021036702074,0.675968280957069
325,5.416666666666667,1.0008799966828301,-0.03706249293438521,-0.03706249293438521,0.9997993247208277,0.0008796097127541721,0.0008799966828301198,0.00014310727315981298,0.7001343714749372
326,5.433333333333334,1.000894114941062,-0.036168777475982634,-0.036168777475982634,1.0000975039245819,0.0008937154584025792,0.000894114941061952,1.4105745648407102e-05,0.7340652117464277
327,5.45,1.0009170587896312,-0.03525213892785875,-0.03525213892785875,1.000379419436224,0.0009166385481238871,0.0009170587896312199,2.2923089721307854e-05,0.6921018754700083
328,5.466666666666667,1.0013198189895955,-0.033933190133762975,-0.033933190133762975,1.0003465135373593,0.0013189487940957739,0.0013198189895955448,0.00040231024597188675,0.6041148410608739
329,5.483333333333333,1.0010115529133532,-0.03292214849529935,-0.03292214849529935,0.9999138340951033,0.0010110416384636284,0.0010115529133531975,0.00030790715563214547,0.6251557592698086
330,5.5,1.0006998791393902,-0.032222514157099875,-0.032222514157099875,0.9997788421736213,0.0006996343381994756,0.0006998791393901804,0.0003114073002641528,0.6098662178899035
331,5.516666666666667,1.0007579748173716,-0.03146482645756392,-0.03146482645756392,1.0000936000292464,0.0007576876995359568,0.0007579748173716094,5.805336133648121e-05,0.5932781128824492
332,5.533333333333333,1.0008695624349577,-0.0305956418729932,-0.0305956418729932,1.000007952631547,0.0008691845845707185,0.0008695624349577269,0.00011149688503476172,0.6674330147107442
333,5.55,1.0007234724511185,-0.02987243100191212,-0.02987243100191212,1.0001927538627682,0.0007232108710810788,0.0007234724511184787,0.00014597371348963975,0.5946291152047523
334,5.566666666666666,1.0007188593102485,-0.029153829947258694,-0.029153829947258694,0.9999141567394615,0.0007186010546534255,0.0007188593102485097,4.609816427653276e-06,0.6230906008496696
335,5.583333333333333,1.0007386742088065,-0.02841542842397003,-0.02841542842397003,1.000094155923346,0.0007384015232886656,0.0007386742088064668,1.9800468635240145e-05,0.6414621291631534
336,5.6,1.0007689548548684,-0.027646769063414567,-0.027646769063414567,1.0005281688561292,0.000768659360555462,0.0007689548548683867,3.0257837266796372e-05,0.6284440197473691
337,5.616666666666666,1.0005045981634513,-0.02714229816680596,-0.02714229816680596,1.0000645369883894,0.0005044708966086064,0.0005045981634512753,0.0002641884639468556,0.6382459396491816
338,5.633333333333334,1.000655565349108,-0.026486947606794323,-0.026486947606794323,1.0004682970782066,0.0006553505600116354,0.0006555653491080449,0.00015087966340302905,0.6745614958986824
339,5.65,1.0012564166613367,-0.025231319576374176,-0.025231319576374176,1.0004457387482046,0.0012556280304201475,0.00125641666133669,0.000600277470408512,0.6713779528347062
340,5.666666666666667,1.0012269430224767,-0.024005128633378066,-0.024005128633378066,1.000452909933835,0.001226190942996111,0.001226943022476723,2.943708742403654e-05,0.6014825357036826
341,5.683333333333334,1.000901168306124,-0.023104366135629283,-0.023104366135629283,1.000136742256951,0.0009007624977487834,0.0009011683061239673,0.0003254284452473275,0.6286919773949518
342,5.7,1.0012530572103673,-0.021852093346233704,-0.021852093346233704,1.0002823203433573,0.0012522727893955774,0.001253057210367281,0.00035151029164679393,0.5958610250920425
343,5.716666666666667,1.0008779365351461,-0.020974541971952747,-0.020974541971952747,1.0001396263591449,0.0008775513742809573,0.0008779365351461177,0.00037472141511462004,0.6581593403551314
344,5.733333333333333,1.0007492773083644,-0.02022554523169065,-0.02022554523169065,1.000259131382903,0.0007489967402620949,0.0007492773083643822,0.00012855463401886238,0.6169055480132868
345,5.75,1.001022025535209,-0.019204041609004033,-0.019204041609004033,0.9996449797045918,0.0010215036226866184,0.0010220255352089147,0.0002725068824245235,0.6765894467742355
346,5.766666666666667,1.000803157609928,-0.018401206357557553,-0.018401206357557553,0.9998260930598136,0.0008028352514464786,0.0008031576099281068,0.00021866837124013985,0.6717533291416403
347,5.783333333333333,1.0010462000620202,-0.017355553181420815,-0.017355553181420815,1.000208884129273,0.001045653176136739,0.001046200062020164,0.00024281792469026044,0.6373296810373847
348,5.8,1.000646443320557,-0.016709318715343542,-0.016709318715343542,0.9997096010871186,0.0006462344660772729,0.0006464433205570774,0.0003994187100594661,0.7187163367094817
349,5.816666666666666,0.9995462305677512,-0.01716319113209653,-0.01716319113209653,1.000599656990876,-0.0004538724167529873,-0.0004537694322488406,0.0011001068828302603,0.7533061000594387
350,5.833333333333333,0.9997136741906603,-0.01744955794049706,-0.01744955794049706,0.9998826808808626,-0.00028636680840053133,-0.00028632580933973806,0.00016750560835245595,0.743457030720181
351,5.85,0.9989442817047312,-0.01850583389885002,-0.01850583389885002,1.0001604224489722,-0.0010562759583529605,-0.0010557182952688482,0.0007699091499524292,0.7197879737100483
352,5.866666666666666,0.9996178804686026,-0.01888802645651937,-0.01888802645651937,1.000392356743012,-0.0003821925576693469,-0.00038211953139744015,0.0006740834006836137,0.6894926495022244
353,5.883333333333334,0.9994322353257673,-0.019455952370148296,-0.019455952370148296,0.9999270968119021,-0.0005679259136289265,-0.0005677646742326958,0.00018573335595957957,0.6756907377125304
354,5.9,0.9994496473528459,-0.02000645651690852,-0.02000645651690852,0.9994779280363255,-0.000550504146760222,-0.0005503526471540843,1.7421766868704492e-05,0.6750058237711588
355,5.916666666666667,1.00003724527685,-0.019969211933646615,-0.019969211933646615,0.9996939151697358,3.72445832619045e-05,3.724527685000645e-05,0.0005877487300221264,0.7072924218354402
356,5.933333333333334,0.9995136937416027,-0.02045563647728251,-0.02045563647728251,1.0002567485747047,-0.000486424543635896,-0.00048630625839729547,0.0005236691268978005,0.6679019783749992
357,5.95,0.9998282952447425,-0.020627355975489165,-0.020627355975489165,0.9997598027809409,-0.0001717194982066541,-0.00017170475525751794,0.00031470504542924194,0.6811758446399077
358,5.966666666666667,0.9995547088693693,-0.021072746277656648,-0.021072746277656648,0.9999575220037179,-0.00044539030216748183,-0.00044529113063074277,0.00027367080396082776,0.6833211553685459
359,5.983333333333333,0.9999757343528822,-0.021097012219189998,-0.021097012219189998,0.9997617656442774,-2.4265941533349392e-05,-2.426564711777157e-05,0.00042112436063413246,0.7054351784270487
360,6.0,0.9991429415693908,-0.021954438134361473,-0.021954438134361473,1.0003131809173385,-0.0008574259151714739,-0.0008570584306092366,0.0008331599736381244,0.6911561404922862
361,6.016666666666667,0.9986527308092901,-0.02330261570819025,-0.02330261570819025,1.0009011242585122,-0.0013481775738287778,-0.0013472691907099321,0.0004907516586573039,0.6838881029906096
362,6.033333333333333,0.9995304931719701,-0.02377223278906196,-0.02377223278906196,1.0007516471664528,-0.00046961708087170606,-0.0004695068280299308,0.0008785604929570717,0.7105487175929693
363,6.05,0.9991133557858977,-0.02465927030464167,-0.02465927030464167,1.000398943448406,-0.000887037515579711,-0.000886644214102339,0.00041742043470800494,0.6603309565414617
364,6.066666666666666,0.9992862759665821,-0.025373249160313187,-0.025373249160313187,1.000332198687265,-0.0007139788556715152,-0.0007137240334178507,0.00017305865990819582,0.6546680756557135
365,6.083333333333333,0.9991412278231182,-0.026232390293268806,-0.026232390293268806,1.0002883704580314,-0.0008591411329556185,-0.0008587721768817946,0.00014516227728410334,0.6267837517349808
366,6.1,0.9994114111673719,-0.02682115241230352,-0.02682115241230352,1.0002405143121649,-0.0005887621190347135,-0.0005885888326281341,0.00027037901392090507,0.49907095033445475
367,6.116666666666666,0.9991025054971641,-0.027719049904469283,-0.027719049904469283,0.9998698112340653,-0.000897897492165763,-0.0008974945028359382,0.0003091353731310496,0.6294833543565538
368,6.133333333333334,0.999532361595367,-0.028186797686041636,-0.028186797686041636,0.9994927243633273,-0.000467747781572353,-0.00046763840463304174,0.00043014971059341,0.6558724845485923
369,6.15,0.9998165338705179,-0.02837028064749279,-0.02837028064749279,0.9995507196249371,-0.00018348296145115307,-0.0001834661294820572,0.00028426482012119996,0.6830368490277985
370,6.166666666666667,0.99909960421968,-0.029271082027578527,-0.029271082027578527,0.9995190346325266,-0.0009008013800857379,-0.0009003957803199736,0.0007173184186345848,0.7137190258797305
371,6.183333333333334,0.9990343520503656,-0.030237196515559606,-0.030237196515559606,0.9999764556825989,-0.0009661144879810813,-0.000965647949634385,6.531310789534349e-05,0.6957692578986839
372,6.2,0.9988736916532279,-0.03136413962424754,-0.03136413962424754,1.000198674725569,-0.0011269431086879385,-0.0011263083467720758,0.00016082862070685713,0.6556835935733937
373,6.216666666666667,0.9989116927390594,-0.03245303952155453,-0.03245303952155453,1.0000619295380426,-0.0010888998973069912,-0.0010883072609405575,3.8043211380947226e-05,0.6518725333979101
374,6.233333333333333,0.9985589629746877,-0.033895115839280204,-0.033895115839280204,0.9996684069044544,-0.0014420763177256698,-0.0014410370253122862,0.00035317642041867857,0.5933206992679172
375,6.25,0.9990713953264553,-0.03482415193324481,-0.03482415193324481,1.0001030976543601,-0.0009290360939646074,-0.0009286046735447195,0.0005130402237610624,0.6057858685946759
376,6.266666666666667,0.9987160813654646,-0.036108895497480906,-0.036108895497480906,1.0001820967022004,-0.001284743564236093,-0.0012839186345353637,0.0003557074702714856,0.61077551531203
377,6.283333333333333,0.9990377509722326,-0.03707160778404811,-0.03707160778404811,1.0003577645781927,-0.0009627122865672075,-0.0009622490277674256,0.00032203127766888557,0.6820375484154548
378,6.3,0.9991930090568213,-0.037878924519704184,-0.037878924519704184,1.0004663539535117,-0.0008073167356560734,-0.0008069909431787092,0.0001553955509111341,0.6540219442932694
379,6.316666666666666,0.9990965262754004,-0.03878280662268063,-0.03878280662268063,0.9998756327811935,-0.0009038821029764506,-0.000903473724599646,9.65653673203772e-05,0.6602123227531528
380,6.333333333333333,0.9990713241244761,-0.039711913984806925,-0.039711913984806925,0.9996068126682844,-0.0009291073621262941,-0.0009286758755239211,2.5225259149843542e-05,0.7177314529595552
381,6.35,0.999615458728971,-0.0400965292107903,-0.0400965292107903,1.0001673804143396,-0.0003846152259833733,-0.00038454127102904856,0.0005444921361429209,0.7949181262357735
382,6.366666666666666,1.0007301918280902,-0.03936660384304945,-0.03936660384304945,0.9999289377767849,0.0007299253677408504,0.0007301918280901987,0.0011145405937242237,0.811573342864896
383,6.383333333333334,1.0009595089503196,-0.03840755492719478,-0.03840755492719478,1.000476248461281,0.000959048915854667,0.0009595089503195986,0.0002291235481138165,0.8130117515281394
384,6.4,1.0009765928506558,-0.037431438633094415,-0.037431438633094415,1.0005238324836931,0.0009761162941003698,0.0009765928506557664,1.706737824570283e-05,0.7485042112844962
385,6.416666666666667,1.0003219605160543,-0.03710952993520513,-0.03710952993520513,0.9998382838800457,0.0003219086978892863,0.0003219605160542649,0.0006542075962110835,0.7838369511969295
386,6.433333333333334,1.0006466977691921,-0.036463041184905495,-0.036463041184905495,0.999793542310913,0.0006464887502996355,0.0006466977691921283,0.0003245800524103492,0.7671927171871986
387,6.45,1.0006513314935588,-0.035811921715643555,-0.035811921715643555,0.999726114909641,0.0006511194692619374,0.0006513314935587822,4.630718962301845e-06,0.7724552486119447
388,6.466666666666667,1.000844175340177,-0.034968102491067236,-0.034968102491067236,0.9996780503570891,0.0008438192245763209,0.0008441753401768892,0.00019269975531438347,0.7634932513884556
389,6.483333333333333,1.0002305650437187,-0.03473756402338335,-0.03473756402338335,0.999628449258799,0.0002305384676838878,0.00023056504371865572,0.0006132807568924331,0.6878967583032302
390,6.5,1.000639237703627,-0.034098530545149414,-0.034098530545149414,0.9995458313736493,0.0006390334782339373,0.0006392377036270602,0.0004084950105500495,0.7676323067111733
391,6.516666666666667,1.0004232185838686,-0.033675401493005554,-0.033675401493005554,0.9996246382151849,0.0004231290521438597,0.0004232185838686231,0.00021590442609007755,0.6881306310936257
392,6.533333333333333,1.0002629518154815,-0.03341248424329337,-0.03341248424329337,0.9999464322238608,0.00026291724971218283,0.0002629518154815269,0.00016021180243167688,0.7474325200069097
393,6.55,1.0002881943536879,-0.03312433140962121,-0.03312433140962121,0.9998871504362845,0.00028815283367215856,0.00028819435368787616,2.5235583959975724e-05,0.7173934688685852
394,6.566666666666666,1.0006904562274432,-0.03243411343741542,-0.03243411343741542,0.9998565490500662,0.0006902179722057964,0.0006904562274432369,0.0004020651385336378,0.836402927916727
395,6.583333333333333,1.000266233718726,-0.032167915152596885,-0.032167915152596885,0.99966425099391,0.0002661982848185289,0.00026623371872602775,0.0004240196873872675,0.7619459791536685
396,6.6,1.0005640876847897,-0.031603986505460646,-0.031603986505460646,0.9993674835097509,0.0005639286471362386,0.0005640876847896603,0.0002977303623177097,0.7817117856461325
397,6.616666666666666,1.0005324838324683,-0.031071644392201718,-0.031071644392201718,0.9996198490083239,0.000532342113258929,0.000532483832468289,3.1586533877309554e-05,0.7361070019521831
398,6.633333333333334,1.0003941109832812,-0.030677611050255186,-0.030677611050255186,0.9994764727951445,0.00039403334194653116,0.0003941109832812373,0.00013830877131239787,0.7410603025813162
399,6.65,1.0004929435889873,-0.030184788918046233,-0.030184788918046233,0.9994011139810396,0.0004928221322089526,0.0004929435889873268,9.878879026242146e-05,0.7524697494506836
400,6.666666666666667,0.9998920804171129,-0.03029271432467056,-0.03029271432467056,0.999964131450799,-0.00010792540662432522,-0.00010791958288713932,0.0006007475388332778,0.6692003961256993
401,6.683333333333334,1.000073060419813,-0.030219656573640123,-0.030219656573640123,0.9996416826544555,7.305775103043617e-05,7.306041981292033e-05,0.00018098315765476138,0.7054263993251471
402,6.7,1.0002350949882968,-0.02998458921583967,-0.02998458921583967,1.0002437302116987,0.00023506735780045053,0.000235094988296769,0.00016200960677001435,0.7410585700141059
403,6.716666666666667,1.0006363021674987,-0.02934848940273072,-0.02934848940273072,0.9999881419148288,0.0006360998131089518,0.0006363021674986591,0.00040103245530850125,0.7513560330426251
404,6.733333333333333,1.0009974041425733,-0.028351582337172217,-0.028351582337172217,1.0007882044365504,0.000996907065558502,0.0009974041425733216,0.0003608072524495502,0.6780846846545184
405,6.75,0.9997521666732129,-0.02859944637971331,-0.02859944637971331,1.0004031876540818,-0.000247864042541091,-0.000247833326787128,0.001244771108099593,0.6373434126229933
406,6.766666666666667,1.000942043587432,-0.02765784623686728,-0.02765784623686728,1.0006987528117048,0.0009416001428460293,0.0009420435874321065,0.0011894641853871203,0.6131690316141387
407,6.783333333333333,1.0001724421262892,-0.0274854189770125,-0.0274854189770125,1.0002516732436377,0.00017242725985477844,0.0001724421262891962,0.0007691728829912509,0.5838201414508584
408,6.8,1.0001622347114103,-0.02732319742422982,-0.02732319742422982,1.0003888500402807,0.00016222155278268122,0.00016223471141030288,1.0205707072097217e-05,0.6407369370519379
409,6.816666666666666,1.000505227340905,-0.02681809766768692,-0.02681809766768692,1.0003800614856841,0.0005050997565428988,0.0005052273409049679,0.0003428782037602176,0.6169960271576305
410,6.833333333333333,1.0000015166166951,-0.026816581052141863,-0.026816581052141863,0.9999387811214062,1.5166155450566629e-06,1.5166166951186e-06,0.0005035831409978421,0.5898830496234658
411,6.85,1.0005427941295513,-0.02627393418203883,-0.02627393418203883,1.0002018575906813,0.0005426468701030337,0.0005427941295512717,0.000541130254557977,0.6139083280092404
412,6.866666666666666,1.0005505552309177,-0.025723530451048738,-0.025723530451048738,1.0004978906874245,0.0005504037309900934,0.0005505552309177375,7.756860887059703e-06,0.6095231780888122
413,6.883333333333334,1.0008765069419219,-0.024847407417020906,-0.024847407417020906,1.0001205300522547,0.0008761230340278324,0.000876506941921873,0.00032571930303773903,0.6688489126423259
414,6.9,1.000471998890998,-0.02437551988246073,-0.02437551988246073,0.9995923306260133,0.00047188753456017384,0.0004719988909980266,0.0004042354994676586,0.6476870026117489
415,6.916666666666667,0.9998870391362977,-0.024488487126721872,-0.024488487126721872,1.0001420873873208,-0.00011296724426114265,-0.00011296086370227165,0.0005848547788213165,0.6132231137193279
416,6.933333333333334,1.000245591528761,-0.024242925750623735,-0.024242925750623735,1.0000432487036848,0.0002455613760981385,0.0002455915287609134,0.0003585286203592812,0.5879441846152883
417,6.95,1.0001005181981095,-0.024142412604129772,-0.024142412604129772,0.9999783532173847,0.00010051314649396377,0.00010051819810952267,0.00014504822960417475,0.6404350882400701
418,6.966666666666667,1.00074096799496,-0.0234017189904245,-0.0234017189904245,1.000869293456669,0.0007406936137052711,0.000740967994959929,0.0006401804672113074,0.6728435705326221
419,6.983333333333333,0.9998737145665536,-0.023528012398547644,-0.023528012398547644,1.000032309339099,-0.00012629340812314143,-0.00012628543344639365,0.0008669870218284126,0.6844746069260585
420,7.0,0.9997328244134646,-0.023795223682838623,-0.023795223682838623,1.0000540261956168,-0.0002672112842909808,-0.0002671755865354397,0.00014091787616783935,0.6506662638099106
421,7.016666666666667,1.0003863656614027,-0.023408932641428286,-0.023408932641428286,1.0002029874891574,0.00038629104141033754,0.00038636566140271,0.0006535023257013184,0.644667152122215
422,7.033333333333333,0.9999062453855528,-0.02350269165111403,-0.02350269165111403,0.9999324647434593,-9.375900968574442e-05,-9.375461444716127e-05,0.00048005005109608194,0.6124143546010241
423,7.05,1.0008666736651917,-0.02263639333069137,-0.02263639333069137,1.0001142371372171,0.0008662983204226579,0.000866673665191664,0.0009600573301084023,0.6399439691025534
424,7.066666666666666,0.999559930767426,-0.023076559422147556,-0.023076559422147556,1.000192128264426,-0.00044016609145618375,-0.000440069232574003,0.0013064644118788416,0.5877213190220021
425,7.083333333333333,1.0010237153907917,-0.022053367670615272,-0.022053367670615272,0.9997746071342672,0.0010231917515322831,0.001023715390791713,0.001463357842988467,0.6233648665157365
426,7.1,0.9998994321496539,-0.02215394057824667,-0.02215394057824667,0.9996583635082611,-0.00010057290763139852,-0.00010056785034606719,0.0011237646591636817,0.6254455789518945
427,7.116666666666666,1.0001008734452919,-0.022053072220338674,-0.022053072220338674,1.0000057963805546,0.00010086835790799615,0.00010087344529186026,0.00020144126553939468,0.6153302172083913
428,7.133333333333334,0.9998801463862981,-0.022172933017058905,-0.022172933017058905,0.9999587414437423,-0.00011986079672023061,-0.00011985361370192571,0.00022072915462822675,0.5588907024595473
429,7.15,0.99957855555176,-0.02259446629796994,-0.02259446629796994,1.0001534026301666,-0.0004215332809110373,-0.0004214444482399937,0.0003016724841908067,0.5624585490756565
430,7.166666666666667,1.0000539079074608,-0.022540559843488118,-0.022540559843488118,1.0003437520636114,5.390645448182279e-05,5.390790746084839e-05,0.0004754397353928601,0.5708119308212657
431,7.183333333333334,1.0000326159229327,-0.022507944452443078,-0.022507944452443078,1.0002011080710036,3.2615391045039264e-05,3.2615922932688335e-05,2.1291063436783526e-05,0.5720291514455537
432,7.2,0.9994932710004846,-0.023014801882486127,-0.023014801882486127,1.0004364091173985,-0.0005068574300430494,-0.0005067289995154267,0.0005394728210880887,0.5465771955913967
433,7.216666666666667,0.9998683158908253,-0.02314649466277442,-0.02314649466277442,1.0001717093850302,-0.00013169278028829043,-0.0001316841091747456,0.000375164649754759,0.5646865676361837
434,7.233333333333333,1.0003976302148416,-0.022748943481876508,-0.022748943481876508,1.0004813970332547,0.0003975511808979111,0.00039763021484162664,0.0005292439611862015,0.5815539680881264
435,7.25,0.9997901259167857,-0.022958839591738115,-0.022958839591738115,0.9999134983403344,-0.00020989610986160562,-0.0002098740832142676,0.0006074472907595167,0.5749101333853639
436,7.266666666666667,0.9999698433958004,-0.022988996650657227,-0.022988996650657227,1.0002398415553382,-3.0157058919112972e-05,-3.015660419958266e-05,0.00017973905094249265,0.6357676451000166
437,7.283333333333333,1.0000848637731814,-0.022904136478202115,-0.022904136478202115,1.0001980114473121,8.486017245511178e-05,8.486377318139837e-05,0.00011501723137422475,0.5833087001612157
438,7.3,0.9998300661314742,-0.023074084787123732,-0.023074084787123732,0.9999908031796958,-0.00016994830892161863,-0.00016993386852581782,0.0002548084813767304,0.6066067312381885
439,7.316666666666666,1.0004317444596673,-0.022642433502278132,-0.022642433502278132,0.9998602206446582,0.00043165128484559987,0.0004317444596673159,0.0006015995937672185,0.6501444376839531
440,7.333333333333333,0.9993489341866756,-0.023293711350986842,-0.023293711350986842,0.9998044745618674,-0.0006512778487087089,-0.000651065813324414,0.0010829291335543087,0.65951275413419
441,7.35,1.0008017450437596,-0.022492287533102107,-0.022492287533102107,0.999676086140532,0.0008014238178847332,0.0008017450437596274,0.0014527016665934422,0.6776945722691807
442,7.366666666666666,1.000280186160365,-0.02221214061754898,-0.02221214061754898,0.9994359908938203,0.00028014691555312675,0.00028018616036495914,0.0005212769023316066,0.758214049751376
443,7.383333333333334,0.9997611627757373,-0.022451006367963645,-0.022451006367963645,0.9999109443612807,-0.00023886575041466422,-0.00023883722426265575,0.000519012665967791,0.7780273760983973
444,7.4,1.001079208385452,-0.0213723799092387,-0.0213723799092387,0.9997437659526099,0.0010786264587249461,0.0010792083854520573,0.0013174922091396103,0.6693669092802353
445,7.416666666666667,1.0008505708051776,-0.02052217063441817,-0.02052217063441817,0.9998021682636936,0.0008502092748205296,0.0008505708051775862,0.0002284171839044165,0.7128522903536573
446,7.433333333333334,1.0006995261441538,-0.01982288904463607,-0.01982288904463607,0.9998601536249953,0.0006992815897821005,0.0006995261441538059,0.0001509276850384291,0.6482675718966826
447,7.45,1.0002114961124025,-0.019611415294383445,-0.019611415294383445,0.9999602608789778,0.00021147375025262286,0.00021149611240245392,0.00048780783952947766,0.6781675043223817
448,7.466666666666667,1.000765177957407,-0.018846529936378864,-0.018846529936378864,1.000314760619209,0.0007648853580045816,0.0007651779574069373,0.0005534116077519587,0.6959252588248547
449,7.483333333333333,1.0008734002109168,-0.01797351091748701,-0.01797351091748701,0.9999097143591918,0.0008730190188918542,0.0008734002109167527,0.00010813366088727259,0.6791095019564216
450,7.5,1.0009576027019138,-0.01701636642454246,-0.01701636642454246,1.0004763957304514,0.0009571444929445504,0.0009576027019138067,8.412547405269618e-05,0.7632244109518734
451,7.516666666666667,1.0015271021247016,-0.015490429134560196,-0.015490429134560196,1.0003307477153205,0.0015259372899822654,0.0015271021247016403,0.0005687927970377151,0.6856904168776524
452,7.533333333333333,1.0005435668952731,-0.01494700991825871,-0.01494700991825871,0.9999740101933967,0.000543419216301487,0.0005435668952731287,0.0009825180736807784,0.6675569667345211
453,7.55,1.0004251370999213,-0.014521963163509111,-0.014521963163509111,0.9999388545827759,0.0004250467547495978,0.0004251370999213133,0.00011837246155188921,0.6729548044778683
454,7.566666666666666,1.0006211909096563,-0.013900965113061818,-0.013900965113061818,1.0006090349681798,0.0006209980504472939,0.0006211909096562884,0.00019595129569769613,0.7064310364075649
455,7.583333333333333,1.0003214610688083,-0.013579555701792643,-0.013579555701792643,0.9999033897101713,0.0003214094112691754,0.00032146106880825975,0.0002995886391781185,0.680958330248609
456,7.6,1.0005444509997659,-0.01303525286169768,-0.01303525286169768,1.000134622317415,0.0005443028400949637,0.0005444509997658553,0.00022289342882578835,0.680041891557199
457,7.616666666666666,1.000116368328902,-0.01291889130306439,-0.01291889130306439,0.9996407766261001,0.00011636155863328916,0.00011636832890205007,0.0004279412814616746,0.6991919669692899
458,7.633333333333334,1.0001138123736961,-0.0128050854055051,-0.0128050854055051,1.000307371303942,0.00011380589755928902,0.00011381237369612052,2.555661074000139e-06,0.7412148118754964
459,7.65,1.0001100551830395,-0.012695036278092934,-0.012695036278092934,0.9998321346238974,0.00011004912741216688,0.00011005518303952577,3.7567701471221375e-06,0.7487511707823954
460,7.666666666666667,1.0005475858261585,-0.012147600322344113,-0.012147600322344113,0.9998258384095218,0.0005474359557488215,0.0005475858261585476,0.00043738682833665464,0.6928832220148157
461,7.683333333333334,0.9998022829548067,-0.012345336916129197,-0.012345336916129197,1.0002567103706543,-0.0001977365937850842,-0.00019771704519333522,0.0007451725495339057,0.7669887517705376
462,7.7,1.0002743875351743,-0.012070987018329985,-0.012070987018329985,0.9998307831932146,0.0002743498977992116,0.00027438753517428083,0.0004720864915842958,0.74031135511987
463,7.716666666666667,1.0004397827537028,-0.011631300940719111,-0.011631300940719111,0.9998265351440081,0.0004396860776108749,0.00043978275370282205,0.0001653361798116633,0.7756647481447385
464,7.733333333333333,1.0000237401702103,-0.011607561052302151,-0.011607561052302151,1.0000078019919099,2.3739888416959205e-05,2.374017021034014e-05,0.00041594618919391573,0.8041249003233732
465,7.75,1.0001569424681298,-0.011450630898353102,-0.011450630898353102,1.0001146121491096,0.00015693015394904972,0.00015694246812980595,0.0001331902655320905,0.788421564337648
466,7.766666666666667,1.000073528699094,-0.011377104902361344,-0.011377104902361344,1.00029850682023,7.352599599175749e-05,7.35286990940498e-05,8.340415795729223e-05,0.792241492094817
467,7.783333333333333,1.000061398129704,-0.011315708657445403,-0.011315708657445403,1.0000700175631292,6.139624491594242e-05,6.139812970396008e-05,1.2129751075815073e-05,0.7383317455244653
468,7.8,1.000141291406268,-0.011174427231868081,-0.011174427231868081,1.0005908558012246,0.00014128142557732177,0.00014129140626795156,7.988518066137936e-05,0.7715590140260296
469,7.816666666666666,1.0005431138015064,-0.010631460863282887,-0.010631460863282887,0.9999130174815659,0.0005429663685851949,0.0005431138015064008,0.0004016849430078731,0.757774336544084
470,7.833333333333333,0.9997571665939493,-0.010874323758139133,-0.010874323758139133,0.999746783025244,-0.00024286289485624604,-0.00024283340605069093,0.0007858292634414409,0.7616571528234599
471,7.85,0.9998399976403931,-0.011034338919489123,-0.011034338919489123,0.9997237694565068,-0.00016001516134998974,-0.00016000235960689224,8.284773350625629e-05,0.7395406682403
472,7.866666666666666,0.9996982746798706,-0.011336109767861171,-0.011336109767861171,0.9998438595250057,-0.0003017708483720475,-0.0003017253201293979,0.00014175568702205776,0.7551305923932864
473,7.883333333333334,1.0000593374091284,-0.011276774119127149,-0.011276774119127149,0.9999886230378272,5.9335648734022766e-05,5.9337409128445984e-05,0.00036110649710607026,0.733423114941444
474,7.9,1.0002540584429191,-0.011022747943589126,-0.011022747943589126,0.9998411985522186,0.0002540261755380227,0.00025405844291914725,0.00019469052680399997,0.7870753571427899
475,7.916666666666667,0.9999094478233717,-0.011113304220313334,-0.011113304220313334,0.9992727059338838,-9.055627672420759e-05,-9.055217662834458e-05,0.00034458245226223034,0.7236213289661172
476,7.933333333333334,1.0001528217615243,-0.010960494134844864,-0.010960494134844864,0.9992323380116843,0.0001528100854684707,0.00015282176152431326,0.0002433663621926783,0.7873631432321336
477,7.95,0.9991437209709804,-0.011817139980165288,-0.011817139980165288,0.9999385459103185,-0.0008566458453204241,-0.0008562790290196354,0.0010094559307888948,0.770449010707714
478,7.966666666666667,1.0002439608246274,-0.011573208909140811,-0.011573208909140811,0.9999093656235175,0.00024393107102447696,0.00024396082462740942,0.001100576916344901,0.7490149022326057
479,7.983333333333333,1.000228995647168,-0.011344239477474002,-0.011344239477474002,1.0000501917611848,0.00022896943166680976,0.00022899564716793996,1.49616393576672e-05,0.8309261608123779
